<?xml version="1.0" encoding="UTF-8"?>
<beans xmlns="http://www.springframework.org/schema/beans"
       xmlns:xsi="http://www.w3.org/2001/XMLSchema-instance" xmlns:aop="http://www.springframework.org/schema/aop"
       xmlns:context="http://www.springframework.org/schema/context" xmlns:tx="http://www.springframework.org/schema/tx"
       xmlns:util="http://www.springframework.org/schema/util" xmlns:mvc="http://www.springframework.org/schema/mvc"
       xmlns:p="http://www.springframework.org/schema/p"
    xsi:schemaLocation="http://www.springframework.org/schema/beans http://www.springframework.org/schema/beans/spring-beans.xsd
		http://www.springframework.org/schema/aop http://www.springframework.org/schema/aop/spring-aop-3.2.xsd
		http://www.springframework.org/schema/context http://www.springframework.org/schema/context/spring-context.xsd
		http://www.springframework.org/schema/tx http://www.springframework.org/schema/tx/spring-tx.xsd
		http://www.springframework.org/schema/util http://www.springframework.org/schema/util/spring-util.xsd
		http://www.springframework.org/schema/mvc http://www.springframework.org/schema/mvc/spring-mvc-3.2.xsd">

  
   <!-- Add support for reading web resources: css, images, js, ${webappRoot}/resources directory etc ... -->
    <mvc:resources location="/resources/"  mapping="/resources/**" />
    
    <!-- Add support for component scanning -->
    <context:component-scan base-package="com.neo" />
    
    <!-- Add support for conversion, formatting and validation support -->
    <mvc:annotation-driven/>
    
    <!-- Enable AspectJ style of Spring AOP -->
	<aop:aspectj-autoproxy />
    
    <!-- Define Spring MVC view resolver -->
    <bean class="org.springframework.web.servlet.view.InternalResourceViewResolver">
        <property name="prefix" value="/WEB-INF/views/" />
        <property name="suffix" value=".jsp" />
    </bean>
    
    <!-- Step 1: Define Database DataSource / connection pool -->
    <bean id="myDataSource" class="org.apache.commons.dbcp.BasicDataSource"
          destroy-method="close">
        <property name="driverClassName" value="com.mysql.jdbc.Driver" />
        <property name="url" value="jdbc:mysql://localhost:3306/dbtest" />
        <property name="username" value="root" />
        <property name="password" value="" />
        <!-- these are connection pool properties for C3P0 -->
        <!--  <property name="minPoolSize" value="5" />
        <property name="maxPoolSize" value="20" />
        <property name="maxIdleTime" value="30000" /> -->
    </bean>
    <!-- Step 2: Setup Hibernate session factory Declaration -->
    <bean id="sessionFactory"
  class="org.springframework.orm.hibernate5.LocalSessionFactoryBean">
        <property name="dataSource" ref="myDataSource" />
        <property name="packagesToScan" value="com.neo.entity" />
        <property name="hibernateProperties">
            <props>
                <prop key="hibernate.dialect">org.hibernate.dialect.MySQL5Dialect</prop>
                <prop key="hibernate.show_sql">true</prop>
                <prop key="hibernate.enable_lazy_load_no_trans">true</prop>
                <prop key="hibernate.default_schema">test</prop>
                <prop key="format_sql">true</prop>
                <prop key="use_sql_comments">true</prop>
                <prop key="hibernate.hbm2ddl.auto">update</prop>
            </props>
        </property>
    </bean>
    <!-- Step 3: Setup Hibernate transaction manager -->
    <bean id="myTransactionManager"
            class="org.springframework.orm.hibernate5.HibernateTransactionManager">
        <property name="sessionFactory" ref="sessionFactory"/>
    </bean>
    <!-- Step 4: Enable configuration of transactional behavior based on annotations -->
    <tx:annotation-driven transaction-manager="myTransactionManager" />
    
    
     
</beans>